stationsname,gewaesser,km,lat,lon,wasserstand_cm,einheit,trend_label,status_label,abgerufen_utc
CELLE,ALLER,1.74,52.622706,10.062164,128.0,cm,,Normal,2026-07-19T11:41:25Z
MARKLENDORF,ALLER,38.47,52.682757,9.703456,111.0,cm,,Normal,2026-07-19T11:41:25Z
AHLDEN,ALLER,58.71,52.762431,9.570881,24.0,cm,,Niedrigwasser,2026-07-19T11:41:25Z
RETHEM,ALLER,82.32,52.789098,9.382841,52.0,cm,,Niedrigwasser,2026-07-19T11:41:25Z
EITZE,ALLER,107.75,52.904065,9.276769,234.0,cm,,Niedrigwasser,2026-07-19T11:41:25Z
ERLAU,DONAU,2214.5,48.567382,13.586813,744.0,cm,,Normal,2026-07-19T11:41:25Z
ACHLEITEN,DONAU,2223.1,48.582047,13.503185,265.0,cm,,Unbekannt,2026-07-19T11:41:25Z
PASSAU ILZSTADT,DONAU,2225.2,48.575198,13.478017,438.0,cm,,Normal,2026-07-19T11:41:25Z
PASSAU DONAU,DONAU,2226.7,48.576133,13.459076,418.0,cm,,Normal,2026-07-19T11:41:25Z
KACHLET SCHLEUSE UP,DONAU,2230.3,48.578228,13.41269,80.0,cm,,Normal,2026-07-19T11:41:25Z
VILSHOFEN,DONAU,2249.5,48.637297,13.182429,295.0,cm,,Niedrigwasser,2026-07-19T11:41:25Z
HOFKIRCHEN,DONAU,2256.9,48.676675,13.115154,180.0,cm,,Niedrigwasser,2026-07-19T11:41:25Z
DEGGENDORF,DONAU,2284.4,48.824944,12.96235,172.0,cm,,Niedrigwasser,2026-07-19T11:41:25Z
PFELLING,DONAU,2305.5,48.879766,12.747217,255.0,cm,,Niedrigwasser,2026-07-19T11:41:25Z
PFATTER,DONAU,2350.7,48.980436,12.383772,308.0,cm,,Normal,2026-07-19T11:41:25Z
SCHWABELWEIS,DONAU,2376.5,49.023583,12.138693,290.0,cm,,Normal,2026-07-19T11:41:25Z
REGENSBURG EISERNE BRÜCKE,DONAU,2379.3,49.021359,12.101827,195.0,cm,,Normal,2026-07-19T11:41:25Z
OBERNDORF,DONAU,2397.4,48.946969,12.014893,159.0,cm,,Normal,2026-07-19T11:41:25Z
KELHEIMWINZER,DONAU,2409.7,48.911858,11.93206,253.0,cm,,Niedrigwasser,2026-07-19T11:41:25Z
KELHEIM DONAU,DONAU,2414.8,48.916603,11.864627,208.0,cm,,Unbekannt,2026-07-19T11:41:25Z
INGOLSTADT LUITPOLDSTRASSE,DONAU,2458.3,48.757414,11.426054,138.0,cm,,Unbekannt,2026-07-19T11:41:25Z
HENRICHENBURG OW,DORTMUND-EMS-KANAL,14.3,51.616047,7.339002,70.07,m+NN,,Unbekannt,2026-07-19T11:41:25Z
HENRICHENBURG UW,DORTMUND-EMS-KANAL,15.9,51.621118,7.329425,56.57,m+NN,,Unbekannt,2026-07-19T11:41:25Z
LÜDINGHAUSEN,DORTMUND-EMS-KANAL,39.32,51.798113,7.401947,56.51,m+NN,,Unbekannt,2026-07-19T11:41:25Z
MÜNSTER OW,DORTMUND-EMS-KANAL,70.315,51.968942,7.664374,56.5,m+NN,,Unbekannt,2026-07-19T11:41:25Z
MÜNSTER UW,DORTMUND-EMS-KANAL,72.49,51.987125,7.660129,50.31,m+NN,,Unbekannt,2026-07-19T11:41:25Z
BERGESHÖVEDE,DORTMUND-EMS-KANAL,108.26,52.275853,7.604958,50.26,m+NN,,Unbekannt,2026-07-19T11:41:25Z
HASEHUBBRÜCKE,DORTMUND-EMS-KANAL,166.42,52.694191,7.292912,96.0,cm,,Normal,2026-07-19T11:41:25Z
VERSEN TRENNSPITZE,DORTMUND-EMS-KANAL,171.309,52.731187,7.260856,238.0,cm,,Normal,2026-07-19T11:41:25Z
HERBRUM HAFENDAMM,DORTMUND-EMS-KANAL,213.07,53.041915,7.317135,412.0,cm,,Unbekannt,2026-07-19T11:41:25Z
RHEDE,DORTMUND-EMS-KANAL,217.86,53.072418,7.286979,373.0,cm,,Unbekannt,2026-07-19T11:41:25Z
SCHÖNA,ELBE,2.05,50.875762,14.235229,84.0,cm,,Normal,2026-07-19T11:41:25Z
PIRNA,ELBE,34.67,50.964585,13.929755,105.0,cm,,Normal,2026-07-19T11:41:25Z
DRESDEN,ELBE,55.63,51.05446,13.738832,69.0,cm,,Normal,2026-07-19T11:41:25Z
MEISSEN,ELBE,82.2,51.164406,13.475468,112.0,cm,,Niedrigwasser,2026-07-19T11:41:25Z
RIESA,ELBE,108.4,51.311482,13.293341,125.0,cm,,Niedrigwasser,2026-07-19T11:41:25Z
MÜHLBERG,ELBE,128.02,51.43735,13.191762,148.0,cm,,Niedrigwasser,2026-07-19T11:41:25Z
TORGAU,ELBE,154.15,51.553685,13.010131,54.0,cm,,Niedrigwasser,2026-07-19T11:41:25Z
PRETZSCH-MAUKEN,ELBE,184.45,51.716993,12.823297,28.0,cm,,Niedrigwasser,2026-07-19T11:41:25Z
ELSTER,ELBE,200.15,51.826851,12.827257,32.0,cm,,Niedrigwasser,2026-07-19T11:41:25Z
WITTENBERG,ELBE,214.14,51.856529,12.646311,80.0,cm,,Niedrigwasser,2026-07-19T11:41:25Z
COSWIG,ELBE,236.31,51.876941,12.454012,106.0,cm,,Niedrigwasser,2026-07-19T11:41:25Z
VOCKERODE,ELBE,245.62,51.851333,12.355387,72.0,cm,,Niedrigwasser,2026-07-19T11:41:25Z
ROSSLAU,ELBE,257.84,51.881407,12.236541,47.0,cm,,Niedrigwasser,2026-07-19T11:41:25Z
DESSAU,ELBE,261.16,51.856888,12.223277,66.0,cm,,Niedrigwasser,2026-07-19T11:41:25Z
AKEN,ELBE,274.8,51.857867,12.058859,47.0,cm,,Niedrigwasser,2026-07-19T11:41:25Z
BARBY,ELBE,294.82,51.984834,11.882246,42.0,cm,,Niedrigwasser,2026-07-19T11:41:25Z
SCHÖNEBECK,ELBE,311.76,52.024534,11.738802,82.0,cm,,Niedrigwasser,2026-07-19T11:41:25Z
MAGDEBURG-BUCKAU,ELBE,325.39,52.119271,11.634986,94.0,cm,,Niedrigwasser,2026-07-19T11:41:25Z
MAGDEBURG-STROMBRÜCKE,ELBE,326.67,52.129698,11.644334,57.0,cm,,Niedrigwasser,2026-07-19T11:41:25Z
ROTHENSEE,ELBE,333.12,52.180953,11.682653,80.0,cm,,Niedrigwasser,2026-07-19T11:41:25Z
NIEGRIPP AP,ELBE,343.6,52.249748,11.737554,193.0,cm,,Niedrigwasser,2026-07-19T11:41:25Z
ROGÄTZ,ELBE,350.64,52.313845,11.768834,13.0,cm,,Niedrigwasser,2026-07-19T11:41:25Z
TANGERMÜNDE,ELBE,388.26,52.541306,11.978056,125.0,cm,,Niedrigwasser,2026-07-19T11:41:25Z
STORKAU,ELBE,396.11,52.610405,12.002483,165.0,cm,,Niedrigwasser,2026-07-19T11:41:25Z
SANDAU,ELBE,416.06,52.78477,12.031305,162.0,cm,,Niedrigwasser,2026-07-19T11:41:25Z
SCHARLEUK,ELBE,447.22,52.956969,11.837558,101.0,cm,,Niedrigwasser,2026-07-19T11:41:25Z
WITTENBERGE,ELBE,453.98,52.985529,11.759443,90.0,cm,,Niedrigwasser,2026-07-19T11:41:25Z
MÜGGENDORF,ELBE,463.94,53.007901,11.656213,100.0,cm,,Niedrigwasser,2026-07-19T11:41:25Z
SCHNACKENBURG,ELBE,474.56,53.038251,11.569162,86.0,cm,,Niedrigwasser,2026-07-19T11:41:25Z
LENZEN,ELBE,484.7,53.079993,11.455946,69.0,cm,,Niedrigwasser,2026-07-19T11:41:25Z
GORLEBEN,ELBE,492.95,53.050282,11.349503,63.0,cm,,Niedrigwasser,2026-07-19T11:41:25Z
DÖMITZ,ELBE,504.7,53.140333,11.242912,11.0,cm,,Niedrigwasser,2026-07-19T11:41:25Z
DAMNATZ,ELBE,509.35,53.137769,11.179445,116.0,cm,,Niedrigwasser,2026-07-19T11:41:25Z
HITZACKER,ELBE,522.639,53.154626,11.045488,67.0,cm,,Niedrigwasser,2026-07-19T11:41:25Z
NEU DARCHAU,ELBE,536.385,53.232258,10.888819,69.0,cm,,Niedrigwasser,2026-07-19T11:41:25Z
BLECKEDE,ELBE,549.633,53.295083,10.735002,492.0,cm,,Niedrigwasser,2026-07-19T11:41:25Z
BOIZENBURG,ELBE,558.534,53.375469,10.717767,56.0,cm,,Niedrigwasser,2026-07-19T11:41:25Z
HOHNSTORF,ELBE,568.987,53.366264,10.558836,418.0,cm,,Normal,2026-07-19T11:41:25Z
ARTLENBURG,ELBE,573.86,53.376174,10.489216,412.0,cm,,Normal,2026-07-19T11:41:25Z
GEESTHACHT,ELBE,583.393,53.426505,10.374522,404.0,cm,,Normal,2026-07-19T11:41:25Z
WEHR GEESTHACHT UP,ELBE,585.99,53.423294,10.334765,590.0,cm,,Unbekannt,2026-07-19T11:41:25Z
ALTENGAMME,ELBE,588.787,53.430844,10.29679,586.0,cm,,Unbekannt,2026-07-19T11:41:25Z
ZOLLENSPIEKER,ELBE,598.159,53.398709,10.185374,570.0,cm,,Unbekannt,2026-07-19T11:41:25Z
OVER,ELBE,605.273,53.428692,10.10112,536.0,cm,,Unbekannt,2026-07-19T11:41:25Z
BUNTHAUS,ELBE,609.9,53.461414,10.064018,497.0,cm,,Unbekannt,2026-07-19T11:41:25Z
HAMBURG-HARBURG,ELBE,615.0,53.472726,9.991826,452.0,cm,,Unbekannt,2026-07-19T11:41:25Z
SCHÖPFSTELLE,ELBE,615.3,53.508392,10.061595,467.0,cm,,Unbekannt,2026-07-19T11:41:25Z
HAMBURG ST. PAULI,ELBE,623.1,53.545442,9.969965,447.0,cm,,Unbekannt,2026-07-19T11:41:25Z
SEEMANNSHÖFT,ELBE,628.9,53.540164,9.880859,443.0,cm,,Unbekannt,2026-07-19T11:41:25Z
CRANZ,ELBE,634.42,53.535944,9.791537,447.0,cm,,Unbekannt,2026-07-19T11:41:25Z
BLANKENESE UF,ELBE,635.0,53.555577,9.807108,438.0,cm,,Unbekannt,2026-07-19T11:41:25Z
SCHULAU,ELBE,641.0,53.567911,9.702887,435.0,cm,,Unbekannt,2026-07-19T11:41:25Z
LÜHORT,ELBE,645.5,53.571575,9.633362,431.0,cm,,Unbekannt,2026-07-19T11:41:25Z
HETLINGEN,ELBE,650.5,53.609411,9.584318,430.0,cm,,Unbekannt,2026-07-19T11:41:25Z
STADERSAND,ELBE,654.9,53.629729,9.526602,426.0,cm,,Unbekannt,2026-07-19T11:41:25Z
PINNAU-SPERRWERK AP,ELBE,658.444,53.671389,9.558228,424.0,cm,,Unbekannt,2026-07-19T11:41:25Z
GRAUERORT REEDE,ELBE,660.738,53.67915,9.494796,422.0,cm,,Unbekannt,2026-07-19T11:41:25Z
KRÜCKAU-SPERRWERK AP,ELBE,663.3,53.716141,9.526337,421.0,cm,,Unbekannt,2026-07-19T11:41:25Z
KOLLMAR,ELBE,666.9,53.731123,9.459762,419.0,cm,,Unbekannt,2026-07-19T11:41:25Z
KRAUTSAND REEDE,ELBE,671.787,53.754705,9.391187,407.0,cm,,Unbekannt,2026-07-19T11:41:25Z
GLÜCKSTADT,ELBE,674.0,53.784361,9.40943,406.0,cm,,Unbekannt,2026-07-19T11:41:25Z
STÖR-SPERRWERK AP,ELBE,678.636,53.825946,9.400981,414.0,cm,,Unbekannt,2026-07-19T11:41:25Z
BROKDORF,ELBE,684.2,53.862704,9.31603,403.0,cm,,Unbekannt,2026-07-19T11:41:25Z
BRUNSBÜTTEL MPM,ELBE,695.214,53.887807,9.148745,396.0,cm,,Unbekannt,2026-07-19T11:41:25Z
OSTERIFF MPM,ELBE,703.44,53.856369,9.031629,410.0,cm,,Unbekannt,2026-07-19T11:41:25Z
OTTERNDORF MPM,ELBE,714.02,53.83537,8.870724,446.0,cm,,Unbekannt,2026-07-19T11:41:25Z
CUXHAVEN STEUBENHÖFT,ELBE,724.0,53.867686,8.717425,492.0,cm,,Unbekannt,2026-07-19T11:41:25Z
VERSEN WEHR OP,EMS,,52.731304,7.247822,240.0,cm,,Normal,2026-07-19T11:41:25Z
PAPENBURG,EMS,0.39,53.108191,7.365595,352.0,cm,,Unbekannt,2026-07-19T11:41:25Z
WEENER,EMS,6.852,53.161188,7.371913,460.0,cm,,Unbekannt,2026-07-19T11:41:25Z
LEERORT,EMS,14.79,53.215335,7.426191,509.0,cm,,Unbekannt,2026-07-19T11:41:25Z
TERBORG,EMS,24.67,53.292704,7.396102,546.0,cm,,Unbekannt,2026-07-19T11:41:25Z
POGUM,EMS,35.302,53.321351,7.259801,579.0,cm,,Unbekannt,2026-07-19T11:41:25Z
EMDEN NEUE SEESCHLEUSE,EMS,40.45,53.336781,7.186348,588.0,cm,,Unbekannt,2026-07-19T11:41:25Z
KNOCK,EMS,50.848,53.327173,7.030674,632.0,cm,,Unbekannt,2026-07-19T11:41:25Z
DUKEGAT,EMS,65.69,53.433602,6.926207,635.0,cm,,Unbekannt,2026-07-19T11:41:25Z
EMSHÖRN,EMS,74.32,53.493517,6.841204,637.0,cm,,Unbekannt,2026-07-19T11:41:25Z
WACHENDORF,EMS,96.71,52.545655,7.269524,115.0,cm,,Niedrigwasser,2026-07-19T11:41:25Z
FUESTRUP,EMS,102.177,52.040267,7.680241,82.0,cm,,Normal,2026-07-19T11:41:25Z
RHEINE UNTERSCHLEUSE,EMS,153.03,52.288026,7.434078,189.0,cm,,Normal,2026-07-19T11:41:25Z
LINGEN-DARME,EMS,196.2,52.496589,7.288342,130.0,cm,,Normal,2026-07-19T11:41:25Z
DALUM,EMS,212.04,52.595603,7.24853,139.0,cm,,Niedrigwasser,2026-07-19T11:41:25Z
RÜHLE,EMS,223.1,52.67002,7.255831,149.0,cm,,Normal,2026-07-19T11:41:25Z
VERSEN WEHRDURCHSTICH,EMS,234.78,52.732983,7.241939,88.0,cm,,Niedrigwasser,2026-07-19T11:41:25Z
BERLIN-SPANDAU UP,HAVEL-ODER-WASSERSTRASSE,0.55,52.540064,13.209346,138.0,cm,,Normal,2026-07-19T11:41:25Z
BERLIN-SPANDAU OP,HAVEL-ODER-WASSERSTRASSE,0.76,52.541856,13.209042,334.0,cm,,Normal,2026-07-19T11:41:25Z
BORGSDORF,HAVEL-ODER-WASSERSTRASSE,20.3,52.700485,13.251248,238.0,cm,,Normal,2026-07-19T11:41:25Z
LEHNITZ UP,HAVEL-ODER-WASSERSTRASSE,28.4,52.767405,13.280309,236.0,cm,,Normal,2026-07-19T11:41:25Z
LEHNITZ OP,HAVEL-ODER-WASSERSTRASSE,28.7,52.767557,13.280417,838.0,cm,,Normal,2026-07-19T11:41:25Z
NIEDERFINOW SHW OP,HAVEL-ODER-WASSERSTRASSE,77.4,52.850069,13.936478,840.0,cm,,Normal,2026-07-19T11:41:25Z
NIEDERFINOW SHW UP,HAVEL-ODER-WASSERSTRASSE,78.0,52.849042,13.944326,49.0,cm,,Normal,2026-07-19T11:41:25Z
HOHENSAATEN WEST BP,HAVEL-ODER-WASSERSTRASSE,92.7,52.874259,14.149328,201.0,cm,,Normal,2026-07-19T11:41:25Z
HOHENSAATEN WEST AP,HAVEL-ODER-WASSERSTRASSE,93.0,52.876694,14.151791,99.0,cm,,Normal,2026-07-19T11:41:25Z
SCHWEDT SCHLEUSE BP,HAVEL-ODER-WASSERSTRASSE,123.5,53.068883,14.321855,517.0,cm,,Normal,2026-07-19T11:41:25Z
FRIEDRICHSTHAL,HAVEL-ODER-WASSERSTRASSE,133.7,53.15589,14.357229,520.0,cm,,Normal,2026-07-19T11:41:25Z
MARBURG,LAHN,-38.7,50.798719,8.764489,151.0,cm,,Unbekannt,2026-07-19T11:41:25Z
GIESSEN KLÄRWERK,LAHN,-3.2,50.575038,8.648602,216.0,cm,,Niedrigwasser,2026-07-19T11:41:25Z
NIEDERBIEL SCHLEUSE KANAL OP,LAHN,19.3,50.5471,8.425671,416.0,cm,,Unbekannt,2026-07-19T11:41:25Z
LEUN NEU,LAHN,25.1,50.54512,8.35523,128.0,cm,,Niedrigwasser,2026-07-19T11:41:25Z
FÜRFURT SCHLEUSE UP,LAHN,51.2,50.426976,8.251936,103.0,cm,,Unbekannt,2026-07-19T11:41:25Z
RUNKEL SCHLEUSE UP,LAHN,65.3,50.405275,8.15857,59.0,cm,,Unbekannt,2026-07-19T11:41:25Z
LIMBURG SCHLEUSE UP,LAHN,76.6,50.391513,8.065189,55.0,cm,,Unbekannt,2026-07-19T11:41:25Z
DIEZ SCHLEUSE OP,LAHN,83.2,50.376206,8.002428,552.0,cm,,Unbekannt,2026-07-19T11:41:25Z
DIEZ SCHLEUSE UP,LAHN,83.2,50.375812,8.00259,209.0,cm,,Unbekannt,2026-07-19T11:41:25Z
DIEZ HAFEN,LAHN,83.7,50.372388,8.005067,89.0,cm,,Normal,2026-07-19T11:41:25Z
CRAMBERG SCHLEUSE OP,LAHN,91.8,50.342655,7.955811,703.0,cm,,Unbekannt,2026-07-19T11:41:25Z
CRAMBERG SCHLEUSE UP,LAHN,91.8,50.34282,7.955217,240.0,cm,,Unbekannt,2026-07-19T11:41:25Z
SCHEIDT SCHLEUSE OP,LAHN,96.8,50.337613,7.929587,636.0,cm,,Unbekannt,2026-07-19T11:41:25Z
SCHEIDT SCHLEUSE UP,LAHN,96.8,50.337311,7.929973,259.0,cm,,Unbekannt,2026-07-19T11:41:25Z
KALKOFEN SCHLEUSE OP,LAHN,105.6,50.314072,7.89635,690.0,cm,,Unbekannt,2026-07-19T11:41:25Z
KALKOFEN NEU,LAHN,106.4,50.317832,7.889816,175.0,cm,,Normal,2026-07-19T11:41:25Z
HOLLERICH SCHLEUSE OP,LAHN,113.0,50.30472,7.833037,659.0,cm,,Unbekannt,2026-07-19T11:41:25Z
HOLLERICH SCHLEUSE UP,LAHN,113.1,50.304568,7.833097,155.0,cm,,Unbekannt,2026-07-19T11:41:25Z
NASSAU SCHLEUSE OP,LAHN,117.6,50.317103,7.788009,586.0,cm,,Unbekannt,2026-07-19T11:41:25Z
DAUSENAU SCHLEUSE OP,LAHN,122.3,50.321436,7.743761,612.0,cm,,Unbekannt,2026-07-19T11:41:25Z
DAUSENAU SCHLEUSE UP,LAHN,122.4,50.321143,7.743333,251.0,cm,,Unbekannt,2026-07-19T11:41:25Z
BAD EMS WEHR OP,LAHN,125.9,50.331878,7.710901,406.0,cm,,Unbekannt,2026-07-19T11:41:25Z
BAD EMS SCHLEUSE UP,LAHN,127.0,50.335097,7.696354,154.0,cm,,Unbekannt,2026-07-19T11:41:25Z
LAHNSTEIN SCHLEUSE OP,LAHN,135.9,50.307894,7.6165,669.0,cm,,Unbekannt,2026-07-19T11:41:25Z
LAHNSTEIN SCHLEUSE UP,LAHN,136.0,50.308032,7.612957,76.0,cm,,Normal,2026-07-19T11:41:25Z
RAUNHEIM,MAIN,12.213,50.016157,8.448287,125.0,cm,,Normal,2026-07-19T11:41:25Z
FRANKFURT OSTHAFEN,MAIN,37.591,50.105737,8.714995,152.0,cm,,Niedrigwasser,2026-07-19T11:41:25Z
KROTZENBURG,MAIN,63.23,50.079717,8.953596,108.0,cm,,Normal,2026-07-19T11:41:25Z
MAINFLINGEN,MAIN,76.43,50.015365,9.033733,79.0,cm,,Unbekannt,2026-07-19T11:41:25Z
OBERNAU,MAIN,92.385,49.9338,9.129075,98.0,cm,,Normal,2026-07-19T11:41:25Z
KLEINHEUBACH,MAIN,121.7,49.716138,9.225244,115.0,cm,,Normal,2026-07-19T11:41:25Z
FAULBACH,MAIN,146.6,49.784985,9.438827,106.0,cm,,Normal,2026-07-19T11:41:25Z
WERTHEIM,MAIN,156.96,49.760945,9.518304,95.0,cm,,Unbekannt,2026-07-19T11:41:25Z
STEINBACH,MAIN,200.52,50.01105,9.602081,136.0,cm,,Normal,2026-07-19T11:41:25Z
WÜRZBURG,MAIN,251.97,49.796209,9.925969,147.0,cm,,Normal,2026-07-19T11:41:25Z
ASTHEIM,MAIN,311.22,49.85841,10.217656,123.0,cm,,Normal,2026-07-19T11:41:25Z
SCHWEINFURT NEUER HAFEN,MAIN,330.78,50.030983,10.221858,197.0,cm,,Normal,2026-07-19T11:41:25Z
TRUNSTADT,MAIN,378.44,49.929696,10.755205,0.0,cm,,Niedrigwasser,2026-07-19T11:41:25Z
HÖRSTEL,MITTELLANDKANAL,0.6,52.283132,7.605447,50.32,m+NN,,Unbekannt,2026-07-19T11:41:25Z
RECKE,MITTELLANDKANAL,12.595,52.354328,7.706274,50.29,m+NN,,Unbekannt,2026-07-19T11:41:25Z
BRAMSCHE,MITTELLANDKANAL,31.95,52.396167,7.978173,50.29,m+NN,,Unbekannt,2026-07-19T11:41:25Z
BROXTEN,MITTELLANDKANAL,47.43,52.390667,8.190183,50.32,m+NN,,Unbekannt,2026-07-19T11:41:25Z
BAD ESSEN,MITTELLANDKANAL,60.8,52.324541,8.34252,50.35,m+NN,,Unbekannt,2026-07-19T11:41:25Z
LÜBBECKE,MITTELLANDKANAL,80.1,52.334961,8.617141,50.33,m+NN,,Unbekannt,2026-07-19T11:41:25Z
HAHLEN,MITTELLANDKANAL,98.09,52.297311,8.868901,50.35,m+NN,,Unbekannt,2026-07-19T11:41:25Z
BERENBUSCH,MITTELLANDKANAL,106.732,52.294948,8.99063,50.33,m+NN,,Unbekannt,2026-07-19T11:41:25Z
WARBER GRABEN,MITTELLANDKANAL,111.75,52.311117,9.053354,-15.0,cm,,Unbekannt,2026-07-19T11:41:25Z
RUSBEND,MITTELLANDKANAL,112.16,52.313245,9.05827,49.42,m+NN,,Unbekannt,2026-07-19T11:41:25Z
NIENBRÜGGE,MITTELLANDKANAL,126.7,52.379196,9.228532,50.35,m+NN,,Unbekannt,2026-07-19T11:41:25Z
RODENBERGER AUE-WEST,MITTELLANDKANAL,132.68,52.387586,9.315913,50.4,m+NN,,Unbekannt,2026-07-19T11:41:25Z
RODENBERGER AUE-OST,MITTELLANDKANAL,133.55,52.388203,9.328651,50.31,m+NN,,Unbekannt,2026-07-19T11:41:25Z
LOHNDE,MITTELLANDKANAL,150.1,52.399312,9.564151,50.33,m+NN,,Unbekannt,2026-07-19T11:41:25Z
HANN. LIST,MITTELLANDKANAL,163.56,52.405962,9.745766,50.33,m+NN,,Unbekannt,2026-07-19T11:41:25Z
ANDERTEN UW,MITTELLANDKANAL,173.425,52.366715,9.858777,50.37,m+NN,,Unbekannt,2026-07-19T11:41:25Z
ANDERTEN OW,MITTELLANDKANAL,174.96,52.354677,9.869744,65.07,m+NN,,Unbekannt,2026-07-19T11:41:25Z
SEHNDE,MITTELLANDKANAL,183.58,52.306049,9.962091,65.0,m+NN,,Unbekannt,2026-07-19T11:41:25Z
MEHRUM,MITTELLANDKANAL,192.556,52.310747,10.093324,65.08,m+NN,,Unbekannt,2026-07-19T11:41:25Z
THUNE,MITTELLANDKANAL,222.85,52.335237,10.517134,65.09,m+NN,,Unbekannt,2026-07-19T11:41:25Z
SÜLFELD OW,MITTELLANDKANAL,235.7,52.41683,10.647378,65.26,m+NN,,Unbekannt,2026-07-19T11:41:25Z
SÜLFELD UW,MITTELLANDKANAL,238.0,52.425073,10.678298,56.1,m+NN,,Unbekannt,2026-07-19T11:41:25Z
VORSFELDE,MITTELLANDKANAL,249.12,52.432888,10.840641,56.06,m+NN,,Unbekannt,2026-07-19T11:41:25Z
RÜHEN,MITTELLANDKANAL,256.1,52.478821,10.909579,56.09,m+NN,,Unbekannt,2026-07-19T11:41:25Z
VELSDORF,MITTELLANDKANAL,283.1,52.409164,11.27265,5608.0,cm,,Unbekannt,2026-07-19T11:41:25Z
HALDENSLEBEN,MITTELLANDKANAL,300.9,52.277922,11.408772,56.21,m+NN,,Unbekannt,2026-07-19T11:41:25Z
KANALBRÜCKE,MITTELLANDKANAL,321.33,52.229689,11.689097,5618.0,cm,,Unbekannt,2026-07-19T11:41:25Z
KOBLENZ UP,MOSEL,1.9,50.366832,7.583152,12.0,cm,,Unbekannt,2026-07-19T11:41:25Z
KOBLENZ OP,MOSEL,2.111,50.367912,7.58074,200.0,cm,,Unbekannt,2026-07-19T11:41:25Z
LEHMEN UP,MOSEL,20.37,50.278471,7.457696,205.0,cm,,Unbekannt,2026-07-19T11:41:25Z
LEHMEN OP,MOSEL,21.04,50.273211,7.457041,967.0,cm,,Unbekannt,2026-07-19T11:41:25Z
MÜDEN UP,MOSEL,36.8,50.182423,7.33687,224.0,cm,,Unbekannt,2026-07-19T11:41:25Z
MÜDEN OP,MOSEL,37.47,50.184151,7.327187,870.0,cm,,Unbekannt,2026-07-19T11:41:25Z
COCHEM,MOSEL,51.6,50.144515,7.167666,216.0,cm,,Normal,2026-07-19T11:41:25Z
FANKEL UP,MOSEL,58.9,50.128054,7.227244,223.0,cm,,Unbekannt,2026-07-19T11:41:25Z
FANKEL OP,MOSEL,59.7,50.121763,7.229433,917.0,cm,,Unbekannt,2026-07-19T11:41:25Z
SANKT ALDEGUND UP,MOSEL,78.1,50.089316,7.133994,227.0,cm,,Unbekannt,2026-07-19T11:41:25Z
SANKT ALDEGUND OP,MOSEL,78.48,50.085996,7.133286,918.0,cm,,Unbekannt,2026-07-19T11:41:25Z
ENKIRCH UP,MOSEL,102.6,49.978067,7.122932,229.0,cm,,Unbekannt,2026-07-19T11:41:25Z
ENKIRCH OP,MOSEL,103.128,49.97808,7.122974,970.0,cm,,Unbekannt,2026-07-19T11:41:25Z
ZELTINGEN UP,MOSEL,123.4,49.95018,7.016038,236.0,cm,,Normal,2026-07-19T11:41:25Z
ZELTINGEN OP,MOSEL,124.1,49.948424,7.027701,824.0,cm,,Unbekannt,2026-07-19T11:41:25Z
WINTRICH UP,MOSEL,141.1,49.87571,6.94662,225.0,cm,,Unbekannt,2026-07-19T11:41:25Z
WINTRICH OP,MOSEL,141.7,49.881801,6.955301,969.0,cm,,Unbekannt,2026-07-19T11:41:25Z
DETZEM UP,MOSEL,165.4,49.824109,6.841297,229.0,cm,,Unbekannt,2026-07-19T11:41:25Z
DETZEM OP,MOSEL,167.7,49.807019,6.852174,1119.0,cm,,Unbekannt,2026-07-19T11:41:25Z
RUWER,MOSEL,185.94,49.783052,6.704234,219.0,cm,,Normal,2026-07-19T11:41:25Z
TRIER UP,MOSEL,195.3,49.732189,6.626853,226.0,cm,,Normal,2026-07-19T11:41:25Z
GREVENMACHER UP,MOSEL,212.5,49.675048,6.441409,213.0,cm,,Unbekannt,2026-07-19T11:41:25Z
WINCHERINGEN,MOSEL,222.2,49.606791,6.404457,223.0,cm,,Unbekannt,2026-07-19T11:41:25Z
STADTBREDIMUS UP,MOSEL,229.44,49.563032,6.372089,224.0,cm,,Unbekannt,2026-07-19T11:41:25Z
PERL,MOSEL,241.8,49.472575,6.369035,215.0,cm,,Normal,2026-07-19T11:41:25Z
MANNHEIM NECKAR,NECKAR,3.1,49.49435,8.469365,155.0,cm,,Unbekannt,2026-07-19T11:41:25Z
HEIDELBERG UP,NECKAR,26.1,49.414688,8.717737,214.0,cm,,Normal,2026-07-19T11:41:25Z
ZIEGELHAUSEN AMS,NECKAR,29.4,49.416607,8.761896,211.0,cm,,Unbekannt,2026-07-19T11:41:25Z
ROCKENAU SKA,NECKAR,60.7,49.438255,9.005024,214.0,cm,,Normal,2026-07-19T11:41:25Z
GUNDELSHEIM UP,NECKAR,93.8,49.281399,9.153622,218.0,cm,,Normal,2026-07-19T11:41:25Z
KOCHENDORF SCHLEUSE UP,NECKAR,103.8,49.22565,9.215439,210.0,cm,,Unbekannt,2026-07-19T11:41:25Z
NECKARSULM WEHR UP,NECKAR,107.0,49.189737,9.215457,445.0,cm,,Unbekannt,2026-07-19T11:41:25Z
HORKHEIM WEHR UP,NECKAR,119.8,49.099646,9.152703,263.0,cm,,Unbekannt,2026-07-19T11:41:25Z
LAUFFEN SCHLEUSE UP,NECKAR,125.1,49.073941,9.160596,211.0,cm,,Unbekannt,2026-07-19T11:41:25Z
LAUFFEN,NECKAR,125.43,49.072331,9.159787,219.0,cm,,Niedrigwasser,2026-07-19T11:41:25Z
BESIGHEIM SCHLEUSE UP,NECKAR,136.2,49.007751,9.154354,208.0,cm,,Unbekannt,2026-07-19T11:41:25Z
BESIGHEIM SKA,NECKAR,136.284,49.007332,9.15241,203.0,cm,,Unbekannt,2026-07-19T11:41:25Z
BESIGHEIM WEHR UP,NECKAR,136.9,49.004211,9.148117,207.0,cm,,Unbekannt,2026-07-19T11:41:25Z
HESSIGHEIM SCHLEUSE UP,NECKAR,142.9,48.993138,9.192174,208.0,cm,,Unbekannt,2026-07-19T11:41:25Z
PLEIDELSHEIM SCHLEUSE UP,NECKAR,150.0,48.960569,9.196365,213.0,cm,,Unbekannt,2026-07-19T11:41:25Z
BEIHINGEN WEHR UP,NECKAR,154.3,48.943649,9.20962,422.0,cm,,Unbekannt,2026-07-19T11:41:25Z
MARBACH SCHLEUSE UP,NECKAR,157.5,48.937097,9.250082,216.0,cm,,Unbekannt,2026-07-19T11:41:25Z
MARBACH WEHR UP,NECKAR,158.931,48.928805,9.23964,231.0,cm,,Unbekannt,2026-07-19T11:41:25Z
POPPENWEILER SCHLEUSE UP,NECKAR,164.7,48.91082,9.244102,216.0,cm,,Unbekannt,2026-07-19T11:41:25Z
ALDINGEN SCHLEUSE UP,NECKAR,171.9,48.867159,9.261128,216.0,cm,,Unbekannt,2026-07-19T11:41:25Z
HOFEN SCHLEUSE UP,NECKAR,176.0,48.838965,9.225975,217.0,cm,,Unbekannt,2026-07-19T11:41:25Z
CANNSTATT SCHLEUSE UP,NECKAR,182.7,48.802089,9.209456,211.0,cm,,Unbekannt,2026-07-19T11:41:25Z
UNTERTÜRKHEIM SCHLEUSE UP,NECKAR,186.2,48.778013,9.243163,210.0,cm,,Unbekannt,2026-07-19T11:41:25Z
OBERTÜRKHEIM SCHLEUSE UP,NECKAR,189.4,48.753696,9.26451,202.0,cm,,Unbekannt,2026-07-19T11:41:25Z
ESSLINGEN SCHLEUSE UP,NECKAR,193.9,48.732391,9.311061,209.0,cm,,Unbekannt,2026-07-19T11:41:25Z
ESSLINGEN WEHR OP,NECKAR,194.1,48.731527,9.313485,213.0,cm,,Unbekannt,2026-07-19T11:41:25Z
OBERESSLINGEN SCHLEUSE UP,NECKAR,194.8,48.727459,9.321207,214.0,cm,,Unbekannt,2026-07-19T11:41:25Z
OBERESSLINGEN WEHR UP,NECKAR,196.5,48.721795,9.341293,213.0,cm,,Unbekannt,2026-07-19T11:41:25Z
DEIZISAU SCHLEUSE UP,NECKAR,199.5,48.716533,9.381863,212.0,cm,,Unbekannt,2026-07-19T11:41:25Z
PLOCHINGEN,NECKAR,202.56,48.707434,9.41919,155.0,cm,,Normal,2026-07-19T11:41:25Z
AWK STROHBRÜCK,NORD-OSTSEE-KANAL,0.89,54.334833,9.967772,650.0,cm,,Unbekannt,2026-07-19T11:41:25Z
NOK BRUNSBÜTTEL,NORD-OSTSEE-KANAL,2.116,53.898398,9.149863,503.0,cm,,Unbekannt,2026-07-19T11:41:25Z
NOK DÜKERSWISCH,NORD-OSTSEE-KANAL,21.5,54.04072,9.302243,504.0,cm,,Unbekannt,2026-07-19T11:41:25Z
NOK BREIHOLZ,NORD-OSTSEE-KANAL,48.5,54.200164,9.552319,509.0,cm,,Unbekannt,2026-07-19T11:41:25Z
NOK RENDSBURG,NORD-OSTSEE-KANAL,63.5,54.297692,9.693628,505.0,cm,,Unbekannt,2026-07-19T11:41:25Z
NOK KÖNIGSFÖRDE,NORD-OSTSEE-KANAL,79.63,54.356825,9.883253,514.0,cm,,Unbekannt,2026-07-19T11:41:25Z
NOK KIEL BINNEN,NORD-OSTSEE-KANAL,97.76,54.365693,10.13887,512.0,cm,,Unbekannt,2026-07-19T11:41:25Z
NOK KIEL AUSSEN,NORD-OSTSEE-KANAL,98.13,54.364856,10.144527,515.0,cm,,Unbekannt,2026-07-19T11:41:25Z
BISCHOFSWERDER UP,OBERE HAVEL-WASSERSTRASSE,4.2,52.892222,13.380958,126.0,cm,,Normal,2026-07-19T11:41:25Z
BISCHOFSWERDER OP,OBERE HAVEL-WASSERSTRASSE,4.5,52.892874,13.381069,461.0,cm,,Normal,2026-07-19T11:41:25Z
ZEHDENICK UP,OBERE HAVEL-WASSERSTRASSE,15.8,52.982008,13.333282,121.0,cm,,Normal,2026-07-19T11:41:25Z
ZEHDENICK OP,OBERE HAVEL-WASSERSTRASSE,16.1,52.983462,13.331205,446.0,cm,,Normal,2026-07-19T11:41:25Z
BREDEREICHE UP,OBERE HAVEL-WASSERSTRASSE,47.6,53.134798,13.241418,211.0,cm,,Normal,2026-07-19T11:41:25Z
BREDEREICHE OP,OBERE HAVEL-WASSERSTRASSE,48.0,53.138179,13.239359,490.0,cm,,Niedrigwasser,2026-07-19T11:41:25Z
FÜRSTENBERG UP,OBERE HAVEL-WASSERSTRASSE,60.7,53.181645,13.146454,117.0,cm,,Niedrigwasser,2026-07-19T11:41:25Z
FÜRSTENBERG OP,OBERE HAVEL-WASSERSTRASSE,60.8,53.181491,13.144575,189.0,cm,,Normal,2026-07-19T11:41:25Z
WESENBERG UP,OBERE HAVEL-WASSERSTRASSE,81.7,53.273913,12.989497,223.0,cm,,Niedrigwasser,2026-07-19T11:41:25Z
WESENBERG OP,OBERE HAVEL-WASSERSTRASSE,81.8,53.274423,12.988763,245.0,cm,,Normal,2026-07-19T11:41:25Z
VOSSWINKEL OP,OBERE HAVEL-WASSERSTRASSE,88.1,53.321344,13.032437,219.0,cm,,Niedrigwasser,2026-07-19T11:41:25Z
VOSSWINKEL UP,OBERE HAVEL-WASSERSTRASSE,90.0,53.32054,13.031542,161.0,cm,,Normal,2026-07-19T11:41:25Z
RATZDORF,ODER,542.5,52.070536,14.752951,145.0,cm,,Niedrigwasser,2026-07-19T11:41:25Z
EISENHÜTTENSTADT,ODER,554.1,52.153171,14.687929,158.0,cm,,Niedrigwasser,2026-07-19T11:41:25Z
FRANKFURT1 (ODER),ODER,585.3,52.357806,14.551732,98.0,cm,,Niedrigwasser,2026-07-19T11:41:25Z
KIETZ,ODER,614.8,52.577595,14.630301,169.0,cm,,Niedrigwasser,2026-07-19T11:41:25Z
KIENITZ,ODER,632.9,52.680028,14.433642,181.0,cm,,Niedrigwasser,2026-07-19T11:41:25Z
HOHENSAATEN-FINOW,ODER,665.0,52.864738,14.141125,181.0,cm,,Niedrigwasser,2026-07-19T11:41:25Z
STÜTZKOW,ODER,680.6,52.983721,14.193352,541.0,cm,,Niedrigwasser,2026-07-19T11:41:25Z
SCHWEDT-ODERBRÜCKE,ODER,690.6,53.035576,14.311629,523.0,cm,,Normal,2026-07-19T11:41:25Z
KONSTANZ-RHEIN,RHEIN,0.5,47.667889,9.172858,295.0,cm,,Unbekannt,2026-07-19T11:41:25Z
BASEL-RHEINHALLE,RHEIN,164.3,47.559486,7.616666,516.0,cm,,Unbekannt,2026-07-19T11:41:25Z
RHEINWEILER,RHEIN,186.2,47.711059,7.529275,223.0,cm,,Normal,2026-07-19T11:41:25Z
BREISACH,RHEIN,227.6,48.043211,7.57257,189.0,cm,,Unbekannt,2026-07-19T11:41:25Z
RUST,RHEIN,254.2,48.257469,7.682373,80.0,cm,,Unbekannt,2026-07-19T11:41:25Z
OTTENHEIM,RHEIN,270.6,48.384644,7.732657,299.0,cm,,Unbekannt,2026-07-19T11:41:25Z
KEHL-KRONENHOF,RHEIN,292.2,48.56332,7.807692,198.0,cm,,Normal,2026-07-19T11:41:25Z
IFFEZHEIM,RHEIN,336.2,48.852149,8.116902,151.0,cm,,Normal,2026-07-19T11:41:25Z
PLITTERSDORF,RHEIN,340.2,48.885967,8.135927,312.0,cm,,Normal,2026-07-19T11:41:25Z
MAXAU,RHEIN,362.327,49.038977,8.305564,394.0,cm,,Normal,2026-07-19T11:41:25Z
PHILIPPSBURG,RHEIN,389.33,49.255274,8.428827,287.0,cm,,Normal,2026-07-19T11:41:25Z
SPEYER,RHEIN,400.61,49.323807,8.448705,248.0,cm,,Normal,2026-07-19T11:41:25Z
MANNHEIM,RHEIN,424.733,49.48394,8.455165,160.0,cm,,Normal,2026-07-19T11:41:25Z
WORMS,RHEIN,443.37,49.631837,8.377519,66.0,cm,,Normal,2026-07-19T11:41:25Z
NIERSTEIN-OPPENHEIM,RHEIN,480.606,49.864981,8.352376,132.0,cm,,Normal,2026-07-19T11:41:25Z
BODENHEIM,RHEIN,489.0,49.93565,8.342776,209.0,cm,,Unbekannt,2026-07-19T11:41:25Z
MAINZ,RHEIN,498.27,50.003995,8.275319,177.0,cm,,Normal,2026-07-19T11:41:25Z
OESTRICH,RHEIN,518.08,50.002866,8.030048,94.0,cm,,Normal,2026-07-19T11:41:25Z
BINGEN,RHEIN,528.36,49.970342,7.899668,96.0,cm,,Normal,2026-07-19T11:41:25Z
KAUB,RHEIN,546.23,50.085438,7.764962,79.0,cm,,Normal,2026-07-19T11:41:25Z
SANKT GOAR,RHEIN,556.43,50.152557,7.712615,165.0,cm,,Normal,2026-07-19T11:41:25Z
BOPPARD,RHEIN,570.45,50.232914,7.592132,90.0,cm,,Normal,2026-07-19T11:41:25Z
BRAUBACH,RHEIN,579.98,50.270501,7.645667,109.0,cm,,Unbekannt,2026-07-19T11:41:25Z
KOBLENZ,RHEIN,591.49,50.35864,7.604741,67.0,cm,,Normal,2026-07-19T11:41:25Z
NEUWIED STADT,RHEIN,608.04,50.424277,7.457453,40.0,cm,,Unbekannt,2026-07-19T11:41:25Z
ANDERNACH,RHEIN,613.78,50.44339,7.392056,80.0,cm,,Normal,2026-07-19T11:41:25Z
OBERWINTER,RHEIN,638.19,50.61369,7.210222,55.0,cm,,Normal,2026-07-19T11:41:25Z
BONN,RHEIN,654.8,50.736398,7.108045,119.0,cm,,Niedrigwasser,2026-07-19T11:41:25Z
KÖLN,RHEIN,688.0,50.936949,6.9633,103.0,cm,,Niedrigwasser,2026-07-19T11:41:25Z
DÜSSELDORF,RHEIN,744.2,51.225498,6.769891,50.0,cm,,Niedrigwasser,2026-07-19T11:41:25Z
DUISBURG-RUHRORT,RHEIN,780.8,51.455345,6.727927,177.0,cm,,Niedrigwasser,2026-07-19T11:41:25Z
WESEL,RHEIN,814.0,51.646143,6.60682,110.0,cm,,Niedrigwasser,2026-07-19T11:41:25Z
REES,RHEIN,837.4,51.756953,6.395692,54.0,cm,,Niedrigwasser,2026-07-19T11:41:25Z
EMMERICH,RHEIN,851.9,51.829252,6.245594,14.0,cm,,Niedrigwasser,2026-07-19T11:41:25Z
LOBITH,RHEIN,862.0,51.849827,6.112447,657.0,cm,,Unbekannt,2026-07-19T11:41:25Z
PANNERDENSE KOP,RHEIN,867.3,51.869724,6.040078,626.0,cm,,Unbekannt,2026-07-19T11:41:25Z
DUISBURG-MEIDERICH SCHLEUSE OW,RHEIN-HERNE-KANAL,0.869,51.451718,6.775962,24.96,m+NN,,Unbekannt,2026-07-19T11:41:25Z
DUISBURG-MEIDERICH SCHLEUSE UW,RHEIN-HERNE-KANAL,1.1,51.45237,6.779116,17.81,m+NN,,Unbekannt,2026-07-19T11:41:25Z
OBERHAUSEN SCHLEUSE UW,RHEIN-HERNE-KANAL,5.189,51.478972,6.815457,24.99,m+NN,,Unbekannt,2026-07-19T11:41:25Z
OBERHAUSEN SCHLEUSE OW,RHEIN-HERNE-KANAL,5.734,51.482137,6.821447,29.14,m+NN,,Unbekannt,2026-07-19T11:41:25Z
GELSENKIRCHEN SCHLEUSE UW,RHEIN-HERNE-KANAL,23.069,51.529792,7.053885,29.12,m+NN,,Unbekannt,2026-07-19T11:41:25Z
GELSENKIRCHEN SCHLEUSE OW,RHEIN-HERNE-KANAL,23.566,51.532228,7.059888,35.32,m+NN,,Unbekannt,2026-07-19T11:41:25Z
WANNE EICKEL SCHLEUSE UW,RHEIN-HERNE-KANAL,30.907,51.547248,7.158004,35.3,m+NN,,Unbekannt,2026-07-19T11:41:25Z
WANNE EICKEL SCHLEUSE OW,RHEIN-HERNE-KANAL,31.47,51.54816,7.165994,43.64,m+NN,,Unbekannt,2026-07-19T11:41:25Z
HERNE UW,RHEIN-HERNE-KANAL,36.825,51.603102,7.306141,43.62,m+NN,,Unbekannt,2026-07-19T11:41:25Z
HERNE OW,RHEIN-HERNE-KANAL,37.35,51.5646,7.245824,56.51,m+NN,,Unbekannt,2026-07-19T11:41:25Z
GROSS ROSENBURG,SAALE,9.64,51.917114,11.874009,121.0,cm,,Normal,2026-07-19T11:41:25Z
CALBE GRIZEHNE,SAALE,17.43,51.916412,11.812214,187.0,cm,,Normal,2026-07-19T11:41:25Z
CALBE UP,SAALE,19.67,51.906279,11.788819,328.0,cm,,Normal,2026-07-19T11:41:25Z
CALBE OP,SAALE,20.08,51.901075,11.788712,352.0,cm,,Normal,2026-07-19T11:41:25Z
NIENBURG (SAALE),SAALE,27.9,51.839183,11.772201,139.0,cm,,Normal,2026-07-19T11:41:25Z
BERNBURG UP,SAALE,36.05,51.796793,11.735423,103.0,cm,,Unbekannt,2026-07-19T11:41:25Z
BERNBURG OP,SAALE,36.2,51.795845,11.733834,475.0,cm,,Normal,2026-07-19T11:41:25Z
ALSLEBEN UP,SAALE,50.24,51.707552,11.677369,111.0,cm,,Normal,2026-07-19T11:41:25Z
ALSLEBEN OP,SAALE,50.42,51.70638,11.679214,222.0,cm,,Normal,2026-07-19T11:41:25Z
ROTHENBURG UP,SAALE,58.6,51.655297,11.751276,322.0,cm,,Normal,2026-07-19T11:41:25Z
ROTHENBURG OP,SAALE,58.78,51.653861,11.752179,328.0,cm,,Normal,2026-07-19T11:41:25Z
WETTIN UP,SAALE,70.3,51.582342,11.792978,325.0,cm,,Normal,2026-07-19T11:41:25Z
WETTIN OP,SAALE,70.47,51.582607,11.795328,347.0,cm,,Normal,2026-07-19T11:41:25Z
TROTHA UP,SAALE,89.15,51.514252,11.954553,149.0,cm,,Normal,2026-07-19T11:41:25Z
TROTHA OP,SAALE,89.22,51.513686,11.954885,235.0,cm,,Normal,2026-07-19T11:41:25Z
RÖPZIG,SAALE,101.9,51.435071,11.944652,39.0,cm,,Normal,2026-07-19T11:41:25Z
RISCHMÜHLE UP,SAALE,115.19,51.350595,12.003389,204.0,cm,,Normal,2026-07-19T11:41:25Z
RISCHMÜHLE OP,SAALE,115.26,51.350199,12.002255,261.0,cm,,Normal,2026-07-19T11:41:25Z
SCHODEN SKA,SAAR,7.19,49.63852,6.574561,277.0,cm,,Unbekannt,2026-07-19T11:41:25Z
SCHODEN UP,SAAR,7.7,49.639524,6.573535,285.0,cm,,Unbekannt,2026-07-19T11:41:25Z
SERRIG UP,SAAR,18.2,49.565452,6.589894,200.0,cm,,Unbekannt,2026-07-19T11:41:25Z
METTLACH UP,SAAR,30.9,49.491992,6.587414,213.0,cm,,Unbekannt,2026-07-19T11:41:25Z
FREMERSDORF,SAAR,48.514,49.408935,6.648424,202.0,cm,,Normal,2026-07-19T11:41:25Z
REHLINGEN UP,SAAR,53.9,49.376259,6.699107,208.0,cm,,Unbekannt,2026-07-19T11:41:25Z
LISDORF UP,SAAR,65.9,49.298685,6.764638,207.0,cm,,Unbekannt,2026-07-19T11:41:25Z
WESTSPANGE,SAAR,86.5,49.23661,6.980389,199.0,cm,,Normal,2026-07-19T11:41:25Z
SANKT ARNUAL,SAAR,90.906,49.214872,7.022665,198.0,cm,,Normal,2026-07-19T11:41:25Z
HANWEILER,SAAR,104.6,49.114328,7.065613,228.0,cm,,Unbekannt,2026-07-19T11:41:25Z
BERLIN-CHARLOTTENBURG UP,SPREE-ODER-WASSERSTRASSE,6.24,52.530037,13.282545,136.0,cm,,Normal,2026-07-19T11:41:25Z
BERLIN-CHARLOTTENBURG OP,SPREE-ODER-WASSERSTRASSE,6.44,52.531423,13.292224,273.0,cm,,Normal,2026-07-19T11:41:25Z
BERLIN-MÜHLENDAMM UP,SPREE-ODER-WASSERSTRASSE,17.7,52.514897,13.40869,273.0,cm,,Normal,2026-07-19T11:41:25Z
BERLIN-MÜHLENDAMM OP,SPREE-ODER-WASSERSTRASSE,17.9,52.51446,13.41146,433.0,cm,,Normal,2026-07-19T11:41:25Z
BERLIN-KÖPENICK,SPREE-ODER-WASSERSTRASSE,35.02,52.42969,13.573986,86.0,cm,,Normal,2026-07-19T11:41:25Z
WERNSDORF UP,SPREE-ODER-WASSERSTRASSE,47.46,52.372628,13.707554,207.0,cm,,Normal,2026-07-19T11:41:25Z
WERNSDORF OP,SPREE-ODER-WASSERSTRASSE,47.74,52.371176,13.711208,656.0,cm,,Normal,2026-07-19T11:41:25Z
FÜRSTENWALDE UP,SPREE-ODER-WASSERSTRASSE,74.7,52.354132,14.065137,49.0,cm,,Normal,2026-07-19T11:41:25Z
FÜRSTENWALDE OP,SPREE-ODER-WASSERSTRASSE,74.8,52.35426,14.066528,160.0,cm,,Normal,2026-07-19T11:41:25Z
KERSDORF UP,SPREE-ODER-WASSERSTRASSE,89.66,52.305107,14.239081,215.0,cm,,Normal,2026-07-19T11:41:25Z
KERSDORF OP,SPREE-ODER-WASSERSTRASSE,89.86,52.304576,14.241758,210.0,cm,,Normal,2026-07-19T11:41:25Z
EISENHÜTTENSTADT SCHL. OP,SPREE-ODER-WASSERSTRASSE,127.2,52.132167,14.652209,213.0,cm,,Normal,2026-07-19T11:41:25Z
EISENHÜTTENSTADT SCHL. UP,SPREE-ODER-WASSERSTRASSE,127.5,52.132134,14.656283,161.0,cm,,Niedrigwasser,2026-07-19T11:41:25Z
KLEINMACHNOW UP,TELTOWKANAL,8.28,52.395529,13.207976,240.0,cm,,Normal,2026-07-19T11:41:25Z
KLEINMACHNOW OP,TELTOWKANAL,8.42,52.395689,13.209949,209.0,cm,,Normal,2026-07-19T11:41:25Z
KETZIN,UNTERE HAVEL-WASSERSTRASSE,34.053,52.463153,12.856784,92.0,cm,,Normal,2026-07-19T11:41:25Z
BRANDENBURG OP,UNTERE HAVEL-WASSERSTRASSE,55.115,52.420872,12.580816,216.0,cm,,Normal,2026-07-19T11:41:25Z
BRANDENBURG UP,UNTERE HAVEL-WASSERSTRASSE,56.0,52.423663,12.568843,64.0,cm,,Normal,2026-07-19T11:41:25Z
PLAUE OP,UNTERE HAVEL-WASSERSTRASSE,67.8,52.402702,12.393022,70.0,cm,,Normal,2026-07-19T11:41:25Z
PLAUE UP,UNTERE HAVEL-WASSERSTRASSE,68.0,52.402965,12.394772,136.0,cm,,Niedrigwasser,2026-07-19T11:41:25Z
TIECKOW,UNTERE HAVEL-WASSERSTRASSE,76.33,52.472729,12.447503,179.0,cm,,Unbekannt,2026-07-19T11:41:25Z
BAHNITZ OP,UNTERE HAVEL-WASSERSTRASSE,81.793,52.501356,12.418712,180.0,cm,,Normal,2026-07-19T11:41:25Z
BAHNITZ UP,UNTERE HAVEL-WASSERSTRASSE,82.11,52.50076,12.415237,99.0,cm,,Normal,2026-07-19T11:41:25Z
RATHENOW OP,UNTERE HAVEL-WASSERSTRASSE,102.86,52.60049,12.313837,236.0,cm,,Normal,2026-07-19T11:41:25Z
RATHENOW UP,UNTERE HAVEL-WASSERSTRASSE,103.94,52.607445,12.321016,77.0,cm,,Normal,2026-07-19T11:41:25Z
ALBERTSHEIM,UNTERE HAVEL-WASSERSTRASSE,109.83,52.655945,12.333711,75.0,cm,,Normal,2026-07-19T11:41:25Z
GRÜTZ OP,UNTERE HAVEL-WASSERSTRASSE,116.772,52.667155,12.259671,145.0,cm,,Normal,2026-07-19T11:41:25Z
GRÜTZ UP,UNTERE HAVEL-WASSERSTRASSE,117.238,52.666548,12.254618,42.0,cm,,Normal,2026-07-19T11:41:25Z
WARNAU POLDER,UNTERE HAVEL-WASSERSTRASSE,127.5,52.740119,12.204582,162.0,cm,,Unbekannt,2026-07-19T11:41:25Z
GÜLPE OP,UNTERE HAVEL-WASSERSTRASSE,127.644,52.738531,12.221626,186.0,cm,,Unbekannt,2026-07-19T11:41:25Z
GARZ OP,UNTERE HAVEL-WASSERSTRASSE,128.845,52.745939,12.214897,205.0,cm,,Normal,2026-07-19T11:41:25Z
GARZ UP,UNTERE HAVEL-WASSERSTRASSE,129.18,52.748612,12.212689,69.0,cm,,Normal,2026-07-19T11:41:25Z
TRÜBENGRABEN POLDER,UNTERE HAVEL-WASSERSTRASSE,141.0,52.817574,12.097664,186.0,cm,,Unbekannt,2026-07-19T11:41:25Z
HAVELBERG STADT,UNTERE HAVEL-WASSERSTRASSE,145.261,52.823201,12.076562,128.0,cm,,Normal,2026-07-19T11:41:25Z
HAVELBERG UP,UNTERE HAVEL-WASSERSTRASSE,146.89,52.830994,12.057095,127.0,cm,,Normal,2026-07-19T11:41:25Z
HAVELBERG EP,UNTERE HAVEL-WASSERSTRASSE,147.305,52.833745,12.053033,126.0,cm,,Niedrigwasser,2026-07-19T11:41:25Z
QUITZÖBEL OP,UNTERE HAVEL-WASSERSTRASSE,156.105,52.880862,12.005425,325.0,cm,,Normal,2026-07-19T11:41:25Z
QUITZÖBEL UP,UNTERE HAVEL-WASSERSTRASSE,156.19,52.880772,12.004058,278.0,cm,,Normal,2026-07-19T11:41:25Z
NEUWERBEN EP,UNTERE HAVEL-WASSERSTRASSE,156.21,52.877357,12.008008,155.0,cm,,Niedrigwasser,2026-07-19T11:41:25Z
GNEVSDORF OP,UNTERE HAVEL-WASSERSTRASSE,165.45,52.907606,11.887245,320.0,cm,,Normal,2026-07-19T11:41:25Z
GNEVSDORF EP,UNTERE HAVEL-WASSERSTRASSE,165.48,52.907993,11.88597,95.0,cm,,Niedrigwasser,2026-07-19T11:41:25Z
FRIEDRICHSFELD SCHLEUSE UW,WESEL-DATTELN-KANAL,1.628,51.629017,6.613936,12.41,m+NN,,Unbekannt,2026-07-19T11:41:25Z
FRIEDRICHSFELD SCHLEUSE OW,WESEL-DATTELN-KANAL,2.295,51.627231,6.623105,22.99,m+NN,,Unbekannt,2026-07-19T11:41:25Z
HÜNXE SCHLEUSE UW,WESEL-DATTELN-KANAL,12.875,51.648299,6.769074,22.99,m+NN,,Unbekannt,2026-07-19T11:41:25Z
HÜNXE SCHLEUSE OW,WESEL-DATTELN-KANAL,13.664,51.648569,6.780465,28.5,m+NN,,Unbekannt,2026-07-19T11:41:25Z
DORSTEN SCHLEUSE UW,WESEL-DATTELN-KANAL,30.016,51.663001,6.998495,28.5,m+NN,,Unbekannt,2026-07-19T11:41:25Z
DORSTEN SCHLEUSE OW,WESEL-DATTELN-KANAL,30.863,51.662803,7.010732,37.56,m+NN,,Unbekannt,2026-07-19T11:41:25Z
FLAESHEIM SCHLEUSE UW,WESEL-DATTELN-KANAL,48.99,51.720382,7.238069,37.55,m+NN,,Unbekannt,2026-07-19T11:41:25Z
FLAESHEIM SCHLEUSE OW,WESEL-DATTELN-KANAL,49.73,51.71662,7.246876,41.54,m+NN,,Unbekannt,2026-07-19T11:41:25Z
AHSEN SCHLEUSE UW,WESEL-DATTELN-KANAL,55.924,51.689015,7.321517,41.55,m+NN,,Unbekannt,2026-07-19T11:41:25Z
AHSEN SCHLEUSE OW,WESEL-DATTELN-KANAL,56.278,51.686979,7.325449,48.87,m+NN,,Unbekannt,2026-07-19T11:41:25Z
DATTELN SCHLEUSE UW,WESEL-DATTELN-KANAL,58.89,51.671378,7.353662,48.88,m+NN,,Unbekannt,2026-07-19T11:41:25Z
DATTELN SCHLEUSE OW,WESEL-DATTELN-KANAL,60.11,51.662988,7.364979,56.51,m+NN,,Unbekannt,2026-07-19T11:41:25Z
GROSSE WESERBRÜCKE,WESER,0.04,53.073097,8.803636,369.0,cm,,Unbekannt,2026-07-19T11:41:25Z
HANN.MUENDEN,WESER,0.65,51.425789,9.640917,128.0,cm,,Normal,2026-07-19T11:41:25Z
OSLEBSHAUSEN,WESER,8.367,53.119797,8.712215,371.0,cm,,Unbekannt,2026-07-19T11:41:25Z
VEGESACK,WESER,17.843,53.169406,8.619533,362.0,cm,,Unbekannt,2026-07-19T11:41:25Z
FARGE,WESER,26.261,53.204709,8.510193,355.0,cm,,Unbekannt,2026-07-19T11:41:25Z
ELSFLETH,WESER,33.325,53.263946,8.481417,366.0,cm,,Unbekannt,2026-07-19T11:41:25Z
WAHMBECK,WESER,35.97,51.625616,9.519728,148.0,cm,,Normal,2026-07-19T11:41:25Z
BRAKE,WESER,39.2,53.315979,8.486546,386.0,cm,,Unbekannt,2026-07-19T11:41:25Z
KARLSHAFEN,WESER,45.52,51.647986,9.438681,105.0,cm,,Normal,2026-07-19T11:41:25Z
RECHTENFLETH,WESER,46.464,53.381162,8.500554,409.0,cm,,Unbekannt,2026-07-19T11:41:25Z
NORDENHAM,WESER,55.811,53.464497,8.488052,434.0,cm,,Unbekannt,2026-07-19T11:41:25Z
BHV ALTER LEUCHTTURM,WESER,66.638,53.544956,8.568175,471.0,cm,,Unbekannt,2026-07-19T11:41:25Z
HÖXTER,WESER,69.62,51.775801,9.40047,114.0,cm,,Normal,2026-07-19T11:41:25Z
ROBBENSÜDSTEERT,WESER,79.942,53.639224,8.445202,500.0,cm,,Unbekannt,2026-07-19T11:41:25Z
DWARSGAT,WESER,92.656,53.718636,8.307616,534.0,cm,,Unbekannt,2026-07-19T11:41:25Z
BODENWERDER,WESER,110.72,51.973727,9.515736,135.0,cm,,Normal,2026-07-19T11:41:25Z
LEUCHTTURM ALTE WESER,WESER,115.0,53.863269,8.127572,578.0,cm,,Unbekannt,2026-07-19T11:41:25Z
HAMELN WEHRBERGEN,WESER,139.68,52.123731,9.306544,108.0,cm,,Normal,2026-07-19T11:41:25Z
RINTELN,WESER,163.2,52.189747,9.081705,131.0,cm,,Unbekannt,2026-07-19T11:41:25Z
VLOTHO,WESER,184.0,52.176396,8.862407,138.0,cm,,Normal,2026-07-19T11:41:25Z
PORTA,WESER,198.4,52.248709,8.922041,135.0,cm,,Normal,2026-07-19T11:41:25Z
PETERSHAGEN,WESER,215.77,52.382338,8.970778,293.0,cm,,Normal,2026-07-19T11:41:25Z
STOLZENAU,WESER,243.39,52.51825,9.077735,300.0,cm,,Normal,2026-07-19T11:41:25Z
LIEBENAU,WESER,256.15,52.594206,9.112772,129.0,cm,,Normal,2026-07-19T11:41:25Z
NIENBURG,WESER,268.18,52.644153,9.204659,372.0,cm,,Normal,2026-07-19T11:41:25Z
DRAKENBURG,WESER,278.88,52.693099,9.225581,205.0,cm,,Normal,2026-07-19T11:41:25Z
HOYA,WESER,298.4,52.800984,9.146924,354.0,cm,,Normal,2026-07-19T11:41:25Z
DÖRVERDEN,WESER,308.95,52.852272,9.210322,233.0,cm,,Normal,2026-07-19T11:41:25Z
INTSCHEDE,WESER,331.28,52.964169,9.125799,34.0,cm,,Niedrigwasser,2026-07-19T11:41:25Z
DREYE,WESER,355.8,53.014359,8.891252,263.0,cm,,Niedrigwasser,2026-07-19T11:41:25Z
WESERWEHR OW,WESER,361.8,53.058583,8.869127,461.0,cm,,Normal,2026-07-19T11:41:25Z
WESERWEHR UW,WESER,362.79,53.060246,8.854803,378.0,cm,,Unbekannt,2026-07-19T11:41:25Z
